﻿<?xml version="1.0" encoding="utf-8" standalone="yes"?>
<ApplicationMetrics NAsm="1" NbSourceFiles="111" NbLinesOfCode="3158" NbLinesOfComment="2197" PercentageComment="41" NType="108" NClass="98" NAbstractClass="3" NInterface="6" NValueType="0" NExceptionType="2" NAttributeType="0" NDelegateType="1" NEnumType="4" NGenericMethodsDefinition="5" NGenericTypesDefinition="2" NILInstruction="20100" NMethods="775" NFields="423" NNamespaces="22" NThirdPartyAssemblies="7" NThirdPartyNamespaces="31" NThirdPartyTypes="198" NThirdPartyMethods="380" NThirdPartyFields="18" PercentCodeCoverage="0" PercentPublicType="77.78" PercentPublicMethod="67.74" PercentClassWithAtLeastOnePublicField="18.52">
  <PropertyOnInterface Occ="6" Avg="1.33" StdDev="1.11" MaxVal="3" MaxName="Naovigate.GUI.Events.IUserParameter" />
  <MethodOnInterface Occ="6" Avg="4.83" StdDev="5.98" MaxVal="18" MaxName="Naovigate.Communication.ICommunicationStream" />
  <ArgOnMethodOnInterface Occ="29" Avg="0.48" StdDev="0.81" MaxVal="3" MaxName="Naovigate.Communication.ICommunicationStream.Write(Byte[],Int32,Int32)" />
  <PublicPropertyOnClass Occ="98" Avg="1.09" StdDev="2.17" MaxVal="19" MaxName="Naovigate.Util.NaoState" />
  <PublicMethodOnClass Occ="98" Avg="5.06" StdDev="4.49" MaxVal="27" MaxName="Naovigate.Util.NaoState" />
  <ArgOnPublicMethodOnClass Occ="496" Avg="0.48" StdDev="0.82" MaxVal="4" MaxName="Naovigate.GUI.Events.EventLauncher+EventChosenHandler.BeginInvoke(Constructor,Dictionary&lt;Type,Func&lt;IParamChooser&gt;&gt;,AsyncCallback,Object)" />
  <ILInstructionInNonAbstractMethods Occ="739" Avg="27.2" StdDev="55.27" MaxVal="824" MaxName="Naovigate.GUI.NaoDebugger.InitializeComponent()" />
  <TypeWithTheMostILInstruction Occ="98" Avg="205.1" StdDev="209.05" MaxVal="890" MaxName="Naovigate.GUI.NaoDebugger" />
  <MethodCC Occ="739" Avg="1.94" StdDev="2.29" MaxVal="31" MaxName="Naovigate.Navigation.Planner.PlanRoute(Map,List&lt;Point&gt;)" />
</ApplicationMetrics>