﻿<?xml version="1.0" encoding="utf-8" standalone="yes"?>
<AssemblyDependencies>
  <Dependencies_For Assembly="Naovigate v0.0.0.0">
    <DependsOn>
      <DependsOn_Name>mscorlib v4.0.0.0</DependsOn_Name>
      <DependsOn_Name>System.Windows.Forms v4.0.0.0</DependsOn_Name>
      <DependsOn_Name>System v4.0.0.0</DependsOn_Name>
      <DependsOn_Name>System.Drawing v4.0.0.0</DependsOn_Name>
      <DependsOn_Name>Emgu.CV v2.4.9.1847</DependsOn_Name>
      <DependsOn_Name>naoqi-dotnet4 v1.14.1.16</DependsOn_Name>
      <DependsOn_Name>System.Core v4.0.0.0</DependsOn_Name>
    </DependsOn>
  </Dependencies_For>
</AssemblyDependencies>