﻿<?xml version="1.0" encoding="utf-8" standalone="yes"?>
<InfoWarnings>
  <Info>06-05-2013 22:07:22 Begin full analysis with NDepend v4.1.0</Info>
  <Info>No Baseline for Comparison loaded.</Info>
  <Info>Concurrent mode</Info>
  <Info>.NET Assemblies loaded from {C:\Users\Chr.vanorle\Documents\GitHub\NaoRobot\build} 
   Naovigate.exe   v0.0.0.0
   Emgu.CV.dll   v2.4.9.1847
   naoqi-dotnet4.dll   v1.14.1.16</Info>
  <Info>.NET Assemblies loaded from {C:\Windows\Microsoft.NET\Framework\v4.0.30319} 
   mscorlib.dll   v4.0.0.0
   System.Windows.Forms.dll   v4.0.0.0
   System.dll   v4.0.0.0
   System.Drawing.dll   v4.0.0.0
   System.Core.dll   v4.0.0.0</Info>
  <Warning>No application or third party assembly found in directory {C:\Windows\Microsoft.NET\Framework\v4.0.30319\WPF}</Warning>
  <Info>111 source files parsed ; all source files found ; all source files in-sync with PDB</Info>
  <Info>0 code rule has been extracted from code.</Info>
  <Info>No dependency cycle detected in assemblies referencement graph.</Info>
  <Info>06-05-2013 22:07:23 Analyse dependencies of your application.</Info>
  <Info>06-05-2013 22:07:23 Building the report (standard).</Info>
</InfoWarnings>