﻿<?xml version="1.0" encoding="utf-8" standalone="yes"?>
<NamespacesMetrics>
  <Namespace Namespace="Naovigate" NTypes="1" NILInstruction="80" NbLinesOfCode="20" NbLinesOfComment="1" PercentageComment="4" PercentageCoverage="-" AfferentCoupling="3" EfferentCoupling="6" />
  <Namespace Namespace="Naovigate.Vision" NTypes="5" NILInstruction="945" NbLinesOfCode="166" NbLinesOfComment="75" PercentageComment="31" PercentageCoverage="-" AfferentCoupling="2" EfferentCoupling="14" />
  <Namespace Namespace="Naovigate.Util" NTypes="4" NILInstruction="1415" NbLinesOfCode="223" NbLinesOfComment="248" PercentageComment="52" PercentageCoverage="-" AfferentCoupling="13" EfferentCoupling="14" />
  <Namespace Namespace="Naovigate.Communication" NTypes="9" NILInstruction="2136" NbLinesOfCode="318" NbLinesOfComment="398" PercentageComment="55" PercentageCoverage="-" AfferentCoupling="12" EfferentCoupling="16" />
  <Namespace Namespace="Naovigate.Movement" NTypes="5" NILInstruction="1804" NbLinesOfCode="258" NbLinesOfComment="111" PercentageComment="30" PercentageCoverage="-" AfferentCoupling="5" EfferentCoupling="11" />
  <Namespace Namespace="Naovigate.Properties" NTypes="1" NILInstruction="40" NbLinesOfCode="7" NbLinesOfComment="14" PercentageComment="66" PercentageCoverage="-" AfferentCoupling="0" EfferentCoupling="8" />
  <Namespace Namespace="Naovigate.Navigation" NTypes="7" NILInstruction="1317" NbLinesOfCode="200" NbLinesOfComment="147" PercentageComment="42" PercentageCoverage="-" AfferentCoupling="2" EfferentCoupling="7" />
  <Namespace Namespace="Naovigate.Grabbing" NTypes="3" NILInstruction="598" NbLinesOfCode="71" NbLinesOfComment="58" PercentageComment="44" PercentageCoverage="-" AfferentCoupling="2" EfferentCoupling="6" />
  <Namespace Namespace="Naovigate.GUI" NTypes="3" NILInstruction="950" NbLinesOfCode="173" NbLinesOfComment="53" PercentageComment="23" PercentageCoverage="-" AfferentCoupling="3" EfferentCoupling="9" />
  <Namespace Namespace="Naovigate.GUI.State" NTypes="9" NILInstruction="2198" NbLinesOfCode="379" NbLinesOfComment="166" PercentageComment="30" PercentageCoverage="-" AfferentCoupling="1" EfferentCoupling="13" />
  <Namespace Namespace="Naovigate.GUI.LiveCamera" NTypes="2" NILInstruction="1058" NbLinesOfCode="190" NbLinesOfComment="59" PercentageComment="23" PercentageCoverage="-" AfferentCoupling="1" EfferentCoupling="11" />
  <Namespace Namespace="Naovigate.GUI.Goal" NTypes="2" NILInstruction="565" NbLinesOfCode="104" NbLinesOfComment="46" PercentageComment="30" PercentageCoverage="-" AfferentCoupling="1" EfferentCoupling="9" />
  <Namespace Namespace="Naovigate.GUI.Panels" NTypes="1" NILInstruction="478" NbLinesOfCode="83" NbLinesOfComment="29" PercentageComment="25" PercentageCoverage="-" AfferentCoupling="1" EfferentCoupling="8" />
  <Namespace Namespace="Naovigate.GUI.Util" NTypes="5" NILInstruction="1405" NbLinesOfCode="220" NbLinesOfComment="95" PercentageComment="30" PercentageCoverage="-" AfferentCoupling="4" EfferentCoupling="5" />
  <Namespace Namespace="Naovigate.GUI.Server" NTypes="1" NILInstruction="201" NbLinesOfCode="37" NbLinesOfComment="17" PercentageComment="31" PercentageCoverage="-" AfferentCoupling="1" EfferentCoupling="5" />
  <Namespace Namespace="Naovigate.GUI.Events" NTypes="15" NILInstruction="1818" NbLinesOfCode="221" NbLinesOfComment="50" PercentageComment="18" PercentageCoverage="-" AfferentCoupling="2" EfferentCoupling="14" />
  <Namespace Namespace="Naovigate.GUI.Events.Parameters" NTypes="3" NILInstruction="650" NbLinesOfCode="119" NbLinesOfComment="57" PercentageComment="32" PercentageCoverage="-" AfferentCoupling="1" EfferentCoupling="7" />
  <Namespace Namespace="Naovigate.Event" NTypes="8" NILInstruction="897" NbLinesOfCode="115" NbLinesOfComment="169" PercentageComment="59" PercentageCoverage="-" AfferentCoupling="10" EfferentCoupling="10" />
  <Namespace Namespace="Naovigate.Event.NaoToGoal" NTypes="9" NILInstruction="425" NbLinesOfCode="57" NbLinesOfComment="114" PercentageComment="66" PercentageCoverage="-" AfferentCoupling="6" EfferentCoupling="5" />
  <Namespace Namespace="Naovigate.Event.GoalToNao" NTypes="6" NILInstruction="660" NbLinesOfCode="120" NbLinesOfComment="131" PercentageComment="52" PercentageCoverage="-" AfferentCoupling="2" EfferentCoupling="11" />
  <Namespace Namespace="Naovigate.Event.Internal" NTypes="8" NILInstruction="416" NbLinesOfCode="66" NbLinesOfComment="144" PercentageComment="68" PercentageCoverage="-" AfferentCoupling="2" EfferentCoupling="9" />
  <Namespace Namespace="Naovigate.Testing.GUI" NTypes="1" NILInstruction="44" NbLinesOfCode="11" NbLinesOfComment="5" PercentageComment="31" PercentageCoverage="-" AfferentCoupling="1" EfferentCoupling="7" />
</NamespacesMetrics>