﻿<?xml version="1.0" encoding="utf-8" standalone="yes"?>
<ReportResources>
  <!--ReportResources.xml contains the list of files and directories referenced by the report file.
ReportResources.xml is used by some Continuous Integration platforms such as Cruise Control, to replicate the set of report resources file.-->
  <Directory>images</Directory>
  <File>NDependReport.html</File>
  <File>NDependReport.css</File>
  <File>NDependReport.js</File>
  <File>VisualNDependView.png</File>
  <File>ComponentDependenciesDiagram.png</File>
  <File>ComponentDependenciesMatrix.png</File>
  <File>AbstractnessVSInstability.png</File>
</ReportResources>